filename,label
H0001,0
H0002,0
H0003,0
H0004,0
H0005,0
H0006,0
H0007,0
H0008,0
H0009,0
H0010,0
H0011,0
H0012,0
H0013,0
H0014,0
H0015,0
H0016,0
H0017,0
H0018,0
H0019,0
H0020,0
H0021,0
H0022,0
H0023,0
H0024,0
H0025,0
H0026,0
H0027,0
H0028,0
H0029,0
H0030,0
H0031,0
H0032,0
H0033,0
H0034,0
H0035,0
H0036,0
H0037,0
H0038,0
H0039,0
H0040,0
H0041,0
H0042,0
H0043,0
H0044,0
H0045,0
H0046,0
H0047,0
H0048,0
H0049,0
H0050,0
H0051,0
H0052,0
H0053,0
H0054,0
H0055,0
H0056,0
H0057,0
H0058,0
H0059,0
H0060,0
H0061,0
H0062,0
H0063,0
H0064,0
H0065,0
H0066,0
H0067,0
H0068,0
H0069,0
H0070,0
H0071,0
H0072,0
H0073,0
H0074,0
H0075,0
H0076,0
H0077,0
H0078,0
H0079,0
H0080,0
H0081,0
H0082,0
H0083,0
H0084,0
H0085,0
H0086,0
H0087,0
H0088,0
H0089,0
H0090,0
H0091,0
H0092,0
H0093,0
H0094,0
H0095,0
H0096,0
H0097,0
H0098,0
H0099,0
H0100,0
H0101,0
H0102,0
H0103,0
H0104,0
H0105,0
H0106,0
H0107,0
H0108,0
H0109,0
H0110,0
H0111,0
H0112,0
H0113,0
H0114,0
H0115,0
H0116,0
H0117,0
H0118,0
H0119,0
H0120,0
H0121,0
I0001,1
I0002,1
I0003,1
I0004,1
I0005,1
I0006,1
I0007,1
I0008,1
I0009,1
I0010,1
I0011,1
I0012,1
I0013,1
I0014,1
I0015,1
I0016,1
I0017,1
I0018,1
I0019,1
I0020,1
I0021,1
I0022,1
I0023,1
I0024,1
I0025,1
I0026,1
I0027,1
I0028,1
I0029,1
I0030,1
I0031,1
I0032,1
I0033,1
I0034,1
I0035,1
I0036,1
I0037,1
I0038,1
I0039,1
I0040,1
I0041,1
I0042,1
I0043,1
I0044,1
I0045,1
I0046,1
I0047,1
I0048,1
I0049,1
I0050,1
I0051,1
I0052,1
I0053,1
I0054,1
I0055,1
I0056,1
I0057,1
I0058,1
I0059,1
I0060,1
I0061,1
I0062,1
I0063,1
I0064,1
I0065,1
I0066,1
I0067,1
I0068,1
I0069,1
I0070,1
I0071,1
I0072,1
I0073,1
I0074,1
I0075,1
I0076,1
I0077,1
I0078,1
I0079,1
I0080,1
I0081,1
I0082,1
I0083,1
I0084,1
I0085,1
I0086,1
I0087,1
I0088,1
I0089,1
I0090,1
I0091,1
I0092,1
I0093,1
I0094,1
I0095,1
I0096,1
I0097,1
I0098,1
I0099,1
I0100,1
I0101,1
I0102,1
I0103,1
I0104,1
I0105,1
I0106,1
I0107,1
I0108,1
I0109,1
I0110,1
I0111,1
I0112,1
I0113,1
I0114,1
I0115,1
I0116,1
I0117,1
I0118,1
I0119,1
I0120,1
I0121,1
I0122,1
I0123,1
I0124,1
I0125,1
I0126,1
I0127,1
I0128,1
I0129,1
I0130,1
I0131,1
I0132,1
I0133,1
I0134,1
I0135,1
I0136,1
I0137,1
I0138,1
I0139,1
I0140,1
I0141,1
I0142,1
I0143,1
I0144,1
I0145,1
I0146,1
I0147,1
I0148,1
I0149,1
I0150,1
I0151,1
I0152,1
I0153,1
I0154,1
I0155,1
I0156,1
I0157,1
I0158,1
I0159,1
I0160,1
I0161,1
I0162,1
I0163,1
I0164,1
I0165,1
I0166,1
I0167,1
I0168,1
I0169,1
I0170,1
I0171,1
I0172,1
I0173,1
I0174,1
I0175,1
I0176,1
I0177,1
I0178,1
I0179,1
I0180,1
I0181,1
I0182,1
I0183,1
I0184,1
I0185,1
I0186,1
I0187,1
I0188,1
I0189,1
I0190,1
I0191,1
I0192,1
I0193,1
I0194,1
I0195,1
I0196,1
I0197,1
I0198,1
I0199,1
I0200,1
I0201,1
I0202,1
I0203,1
I0204,1
I0205,1
I0206,1
I0207,1
I0208,1
I0209,1
I0210,1
I0211,1
I0212,1
I0213,1
I0214,1
I0215,1
I0216,1
I0217,1
I0218,1
I0219,1
I0220,1
I0221,1
I0222,1
I0223,1
I0224,1
I0225,1
I0226,1
I0227,1
I0228,1
I0229,1
I0230,1
I0231,1
I0232,1
I0233,1
I0234,1
I0235,1
I0236,1
I0237,1
I0238,1
I0239,1
I0240,1
I0241,1
I0242,1
I0243,1
I0244,1
I0245,1
I0246,1
I0247,1
I0248,1
I0249,1
I0250,1
I0251,1
I0252,1
I0253,1
I0254,1
I0255,1
I0256,1
I0257,1
I0258,1
I0259,1
I0260,1
I0261,1
I0262,1
I0263,1
I0264,1
I0265,1
I0266,1
I0267,1
I0268,1
I0269,1
I0270,1
I0271,1
I0272,1
I0273,1
I0274,1
I0275,1
I0276,1
I0277,1
I0278,1
I0279,1
I0280,1
I0281,1
I0282,1
I0283,1
I0284,1
I0285,1
I0286,1
I0287,1
I0288,1
I0289,1
I0290,1
I0291,1
I0292,1
I0293,1
I0294,1
I0295,1
